Accession	Source Database	Name	Tax ID	Tax Name	Length	Entry Accession	Matches
A0A1L1SUL6	reviewed	Thioredoxin domain-containing protein 6	10090	Mus musculus	329	PF00085	14..109
A0A509AQW5	reviewed	Thioredoxin 2	5823	Plasmodium berghei (strain Anka)	157	PF00085	59..154
A0A8M1N5Y4	reviewed	Protein disulfide-isomerase tmx3a	7955	Danio rerio	437	PF00085	32..121
A2YIW7	reviewed	Thioredoxin H-type	39946	Oryza sativa subsp. indica	122	PF00085	9..109
A2YUQ6	reviewed	Thioredoxin-like protein CITRX, chloroplastic	39946	Oryza sativa subsp. indica	189	PF00085	83..182
A3KPF5	reviewed	Protein disulfide isomerase-like 1-5	3702	Arabidopsis thaliana	537	PF00085	85..180,419..521
A4FUW8	reviewed	Thioredoxin domain-containing protein 11	9913	Bos taurus	957	PF00085	115..209,665..744
A8WG88	reviewed	Thioredoxin-related transmembrane protein 2-A	7955	Danio rerio	301	PF00085	141..212
C9K7C5	reviewed	Thioredoxin AMT13	5599	Alternaria alternata	118	PF00085	12..106
D3Z6P0	reviewed	Protein disulfide-isomerase A2	10090	Mus musculus	527	PF00085	55..151,393..495
D4B2L8	reviewed	Protein disulfide-isomerase	663331	Arthroderma benhamiae (strain ATCC MYA-4681 / CBS 112371)	523	PF00085	32..131,367..471
F4IXE4	reviewed	TPR repeat-containing thioredoxin TTL2	3702	Arabidopsis thaliana	730	PF00085	645..725
G4NFB7	reviewed	Thioredoxin-2	242507	Pyricularia oryzae (strain 70-15 / ATCC MYA-4617 / FGSC 8958)	171	PF00085	71..164
H2N4I1	reviewed	Sulfhydryl oxidase 1	9601	Pongo abelii	750	PF00085	55..129
M1A3D5	reviewed	Thioredoxin-like protein CITRX, chloroplastic	4113	Solanum tuberosum	175	PF00085	70..154
O00391	reviewed	Sulfhydryl oxidase 1	9606	Homo sapiens	747	PF00085	52..126
O08841	reviewed	Sulfhydryl oxidase 1	10141	Cavia porcellus	613	PF00085	47..128
O13704	reviewed	Thioredoxin domain-containing protein C13F5.05, mitochondrial	284812	Schizosaccharomyces pombe (strain 972 / ATCC 24843)	363	PF00085	33..139
O13811	reviewed	Protein disulfide-isomerase C17H9.14c	284812	Schizosaccharomyces pombe (strain 972 / ATCC 24843)	359	PF00085	29..126,142..247
O14095	reviewed	Thioredoxin domain-containing protein plp1	284812	Schizosaccharomyces pombe (strain 972 / ATCC 24843)	279	PF00085	147..226
O14463	reviewed	Thioredoxin-1	284812	Schizosaccharomyces pombe (strain 972 / ATCC 24843)	103	PF00085	6..100
O14530	reviewed	Thioredoxin domain-containing protein 9	9606	Homo sapiens	226	PF00085	79..162
O17486	reviewed	Thioredoxin	6210	Echinococcus granulosus	107	PF00085	7..104
O18883	reviewed	Thioredoxin domain-containing protein 9	9913	Bos taurus	226	PF00085	86..162
O22022	reviewed	Thioredoxin	280699	Cyanidioschyzon merolae (strain NIES-3377 / 10D)	102	PF00085	4..99
O22229	reviewed	NADPH-dependent thioredoxin reductase 3	3702	Arabidopsis thaliana	529	PF00085	441..526
O22263	reviewed	Protein disulfide-isomerase like 2-1	3702	Arabidopsis thaliana	361	PF00085	25..127,143..246
O22779	reviewed	Thioredoxin-like 1-3, chloroplastic	3702	Arabidopsis thaliana	273	PF00085	112..177
O23166	reviewed	Thioredoxin-like protein HCF164, chloroplastic	3702	Arabidopsis thaliana	261	PF00085	131..225
O30974	reviewed	Thioredoxin	1772	Mycolicibacterium smegmatis	112	PF00085	7..108
O32171	reviewed	Thioredoxin-like protein YusE	224308	Bacillus subtilis (strain 168)	106	PF00085	13..82
O34342	reviewed	SPbeta prophage-derived thioredoxin-like protein YosR	224308	Bacillus subtilis (strain 168)	80	PF00085	3..77
O34357	reviewed	Thioredoxin-like protein YtpP	224308	Bacillus subtilis (strain 168)	107	PF00085	7..101
O43396	reviewed	Thioredoxin-like protein 1	9606	Homo sapiens	289	PF00085	12..104
O48737	reviewed	Thioredoxin M1, chloroplastic	3702	Arabidopsis thaliana	179	PF00085	78..176
O48773	reviewed	Protein disulfide-isomerase 2-3	3702	Arabidopsis thaliana	440	PF00085	32..131,165..264
O48897	reviewed	Thioredoxin F-type, chloroplastic	3708	Brassica napus	182	PF00085	73..173
O51088	reviewed	Thioredoxin	224326	Borreliella burgdorferi (strain ATCC 35210 / DSM 4680 / CIP 102532 / B31)	117	PF00085	28..112
O51890	reviewed	Thioredoxin	198804	Buchnera aphidicola subsp. Schizaphis graminum (strain Sg)	108	PF00085	4..104
O55772	reviewed	Uncharacterized protein 196R	176652	Invertebrate iridescent virus 6	174	PF00085	31..124
O64394	reviewed	Thioredoxin H-type	4565	Triticum aestivum	127	PF00085	26..119
O64432	reviewed	Thioredoxin H-type	3711	Brassica campestris	123	PF00085	15..114
O64628	reviewed	Thioredoxin domain-containing protein 9 homolog	3702	Arabidopsis thaliana	211	PF00085	72..157
O64654	reviewed	Thioredoxin-like 1-1, chloroplastic	3702	Arabidopsis thaliana	275	PF00085	114..185
O64764	reviewed	Thioredoxin O1, mitochondrial	3702	Arabidopsis thaliana	194	PF00085	87..190
O65049	reviewed	Thioredoxin H-type	3335	Picea mariana	125	PF00085	15..107
O74790	reviewed	Monothiol glutaredoxin-4	284812	Schizosaccharomyces pombe (strain 972 / ATCC 24843)	244	PF00085	6..102
O76003	reviewed	Glutaredoxin-3	9606	Homo sapiens	335	PF00085	21..112
O81332	reviewed	Thioredoxin F-type, chloroplastic	3544	Mesembryanthemum crystallinum	191	PF00085	100..186
O83889	reviewed	Thioredoxin	243276	Treponema pallidum (strain Nichols)	105	PF00085	10..102
O84544	reviewed	Thioredoxin	272561	Chlamydia trachomatis serovar D (strain ATCC VR-885 / DSM 19411 / UW-3/Cx)	102	PF00085	2..99
O94504	reviewed	Thioredoxin-2, mitochondrial	284812	Schizosaccharomyces pombe (strain 972 / ATCC 24843)	133	PF00085	39..126
O96952	reviewed	Thioredoxin	6047	Geodia cydonium	106	PF00085	6..104
O97508	reviewed	Thioredoxin	9796	Equus caballus	105	PF00085	6..102
O97680	reviewed	Thioredoxin	9913	Bos taurus	105	PF00085	7..102
P00275	reviewed	Thioredoxin C-1	1722	Corynebacterium nephridii	105	PF00085	2..102
P04785	reviewed	Protein disulfide-isomerase	10116	Rattus norvegicus	509	PF00085	28..133,371..473
P05307	reviewed	Protein disulfide-isomerase	9913	Bos taurus	510	PF00085	28..133,371..473
P07237	reviewed	Protein disulfide-isomerase	9606	Homo sapiens	508	PF00085	26..131,369..471
P07591	reviewed	Thioredoxin M-type, chloroplastic	3562	Spinacia oleracea	181	PF00085	76..176
P07887	reviewed	Thioredoxin C-2	1722	Corynebacterium nephridii	108	PF00085	5..105
P08003	reviewed	Protein disulfide-isomerase A4	10090	Mus musculus	638	PF00085	57..158,172..272,520..626
P08058	reviewed	Thioredoxin	1063	Cereibacter sphaeroides	106	PF00085	3..103
P08628	reviewed	Thioredoxin	9986	Oryctolagus cuniculus	105	PF00085	6..102
P08629	reviewed	Thioredoxin	9031	Gallus gallus	105	PF00085	8..102
P09102	reviewed	Protein disulfide-isomerase	9031	Gallus gallus	515	PF00085	31..136,374..476
P09103	reviewed	Protein disulfide-isomerase	10090	Mus musculus	509	PF00085	28..133,371..473
P09856	reviewed	Thioredoxin F-type, chloroplastic	3562	Spinacia oleracea	190	PF00085	85..185
P09857	reviewed	Thioredoxin	1049	Allochromatium vinosum	107	PF00085	4..104
P0A0K4	reviewed	Thioredoxin	158878	Staphylococcus aureus (strain Mu50 / ATCC 700699)	104	PF00085	3..101
P0A0K5	reviewed	Thioredoxin	196620	Staphylococcus aureus (strain MW2)	104	PF00085	3..101
P0A0K6	reviewed	Thioredoxin	1280	Staphylococcus aureus	104	PF00085	3..101
P0A4L1	reviewed	Thioredoxin 1	103690	Nostoc sp. (strain PCC 7120 / SAG 25.82 / UTEX 2576)	107	PF00085	5..104
P0A4L2	reviewed	Thioredoxin 1	1168	Nostoc sp. (strain ATCC 29151 / PCC 7119)	107	PF00085	5..104
P0A4L3	reviewed	Thioredoxin	169963	Listeria monocytogenes serovar 1/2a (strain ATCC BAA-679 / EGD-e)	103	PF00085	2..100
P0A4L4	reviewed	Thioredoxin	272626	Listeria innocua serovar 6a (strain ATCC BAA-680 / CLIP 11262)	103	PF00085	2..100
P0A617	reviewed	Thioredoxin	233413	Mycobacterium bovis (strain ATCC BAA-935 / AF2122/97)	116	PF00085	9..108
P0AA25	reviewed	Thioredoxin 1	83333	Escherichia coli (strain K12)	109	PF00085	5..105
P0AA26	reviewed	Thioredoxin 1	199310	Escherichia coli O6:H1 (strain CFT073 / ATCC 700928 / UPEC)	109	PF00085	5..105
P0AA27	reviewed	Thioredoxin 1	83334	Escherichia coli O157:H7	109	PF00085	5..105
P0AA28	reviewed	Thioredoxin 1	99287	Salmonella typhimurium (strain LT2 / SGSC1412 / ATCC 700720)	109	PF00085	5..105
P0AA29	reviewed	Thioredoxin 1	90370	Salmonella typhi	109	PF00085	5..105
P0AA30	reviewed	Thioredoxin 1	623	Shigella flexneri	109	PF00085	5..105
P0AGG4	reviewed	Thioredoxin 2	83333	Escherichia coli (strain K12)	139	PF00085	37..136
P0AGG5	reviewed	Thioredoxin 2	199310	Escherichia coli O6:H1 (strain CFT073 / ATCC 700928 / UPEC)	139	PF00085	37..136
P0AGG6	reviewed	Thioredoxin 2	83334	Escherichia coli O157:H7	139	PF00085	37..136
P0AGG7	reviewed	Thioredoxin 2	623	Shigella flexneri	139	PF00085	37..136
P10472	reviewed	Thioredoxin	115852	Chlorobaculum thiosulfatiphilum	108	PF00085	6..105
P10473	reviewed	Thioredoxin	1085	Rhodospirillum rubrum	104	PF00085	2..101
P10599	reviewed	Thioredoxin	9606	Homo sapiens	105	PF00085	6..102
P10639	reviewed	Thioredoxin	10090	Mus musculus	105	PF00085	6..102
P11232	reviewed	Thioredoxin	10116	Rattus norvegicus	105	PF00085	6..102
P11598	reviewed	Protein disulfide-isomerase A3	10116	Rattus norvegicus	505	PF00085	27..130,378..481
P12243	reviewed	Thioredoxin 1	1140	Synechococcus elongatus (strain ATCC 33912 / PCC 7942 / FACHB-805)	107	PF00085	5..105
P12865	reviewed	Bloodstream-specific protein 2	5702	Trypanosoma brucei brucei	497	PF00085	22..120,357..451
P13667	reviewed	Protein disulfide-isomerase A4	9606	Homo sapiens	645	PF00085	64..165,179..279,527..632
P14949	reviewed	Thioredoxin	224308	Bacillus subtilis (strain 168)	104	PF00085	3..101
P17967	reviewed	Protein disulfide-isomerase	559292	Saccharomyces cerevisiae (strain ATCC 204508 / S288c)	522	PF00085	34..136,378..482
P20857	reviewed	Thioredoxin 2	103690	Nostoc sp. (strain PCC 7120 / SAG 25.82 / UTEX 2576)	111	PF00085	5..105
P21195	reviewed	Protein disulfide-isomerase	9986	Oryctolagus cuniculus	509	PF00085	27..132,370..472
P21609	reviewed	Thioredoxin	1557	Peptoclostridium litorale	107	PF00085	3..101
P21610	reviewed	Thioredoxin	1731	Peptoclostridium acidaminophilum	110	PF00085	6..106
P22217	reviewed	Thioredoxin-1	559292	Saccharomyces cerevisiae (strain ATCC 204508 / S288c)	103	PF00085	5..100
P22803	reviewed	Thioredoxin-2	559292	Saccharomyces cerevisiae (strain ATCC 204508 / S288c)	104	PF00085	6..101
P23400	reviewed	Thioredoxin M-type, chloroplastic	3055	Chlamydomonas reinhardtii	140	PF00085	38..136
P25372	reviewed	Thioredoxin-3, mitochondrial	559292	Saccharomyces cerevisiae (strain ATCC 204508 / S288c)	127	PF00085	31..125
P27773	reviewed	Protein disulfide-isomerase A3	10090	Mus musculus	505	PF00085	27..130,378..481
P29429	reviewed	Thioredoxin	227321	Emericella nidulans (strain FGSC A4 / ATCC 38163 / CBS 112.46 / NRRL 194 / M139)	110	PF00085	11..106
P29445	reviewed	Thioredoxin-1	44689	Dictyostelium discoideum	105	PF00085	11..101
P29446	reviewed	Thioredoxin-2	44689	Dictyostelium discoideum	88	PF00085	7..87
P29447	reviewed	Thioredoxin-3	44689	Dictyostelium discoideum	104	PF00085	5..101
P29448	reviewed	Thioredoxin H1	3702	Arabidopsis thaliana	114	PF00085	10..110
P29449	reviewed	Thioredoxin H-type 1	4097	Nicotiana tabacum	126	PF00085	24..115
P29450	reviewed	Thioredoxin F-type, chloroplastic	3888	Pisum sativum	182	PF00085	77..177
P29451	reviewed	Thioredoxin	9544	Macaca mulatta	105	PF00085	6..102
P29828	reviewed	Protein disulfide-isomerase	3879	Medicago sativa	512	PF00085	35..141,379..482
P30101	reviewed	Protein disulfide-isomerase A3	9606	Homo sapiens	505	PF00085	27..130,378..481
P32474	reviewed	Protein disulfide-isomerase EUG1	559292	Saccharomyces cerevisiae (strain ATCC 204508 / S288c)	517	PF00085	36..136,378..483
P32642	reviewed	Monothiol glutaredoxin-4	559292	Saccharomyces cerevisiae (strain ATCC 204508 / S288c)	244	PF00085	8..100
P33791	reviewed	Thioredoxin	1894	Kitasatospora aureofaciens	106	PF00085	3..103
P34329	reviewed	Probable protein disulfide-isomerase A4	6239	Caenorhabditis elegans	618	PF00085	38..135,149..250,501..605
P34723	reviewed	Thioredoxin	5076	Penicillium chrysogenum	106	PF00085	8..102
P35088	reviewed	Thiol:disulfide interchange protein TxlA	1140	Synechococcus elongatus (strain ATCC 33912 / PCC 7942 / FACHB-805)	191	PF00085	47..144
P37395	reviewed	Thioredoxin	2771	Cyanidium caldarium	107	PF00085	5..105
P38657	reviewed	Protein disulfide-isomerase A3	9913	Bos taurus	505	PF00085	27..130,378..481
P38658	reviewed	Probable protein disulfide-isomerase ER-60	6183	Schistosoma mansoni	484	PF00085	19..120,360..463
P38659	reviewed	Protein disulfide-isomerase A4	10116	Rattus norvegicus	643	PF00085	62..163,177..277,526..631
P38660	reviewed	Protein disulfide-isomerase A6	10036	Mesocricetus auratus	439	PF00085	27..126,162..263
P38661	reviewed	Probable protein disulfide-isomerase A6	3879	Medicago sativa	364	PF00085	31..133,149..252
P40557	reviewed	ER-retained PMA1-suppressing protein 1	559292	Saccharomyces cerevisiae (strain ATCC 204508 / S288c)	701	PF00085	37..137
P42115	reviewed	Thioredoxin	367110	Neurospora crassa (strain ATCC 24698 / 74-OR23-1A / CBS 708.71 / DSM 1257 / FGSC 987)	127	PF00085	10..91
P43785	reviewed	Thioredoxin	71421	Haemophilus influenzae (strain ATCC 51907 / DSM 11121 / KW20 / Rd)	107	PF00085	4..104
P46843	reviewed	Bifunctional thioredoxin reductase/thioredoxin	272631	Mycobacterium leprae (strain TN)	458	PF00085	351..450
P47370	reviewed	Thioredoxin	243273	Mycoplasma genitalium (strain ATCC 33530 / DSM 19775 / NCTC 10195 / G37)	102	PF00085	12..99
P47938	reviewed	Thioredoxin-1	7227	Drosophila melanogaster	107	PF00085	6..102
P48384	reviewed	Thioredoxin M-type, chloroplastic	3888	Pisum sativum	172	PF00085	69..169
P50254	reviewed	Thioredoxin	2788	Neopyropia yezoensis	107	PF00085	3..103
P50338	reviewed	Thioredoxin	35689	Griffithsia pacifica	109	PF00085	5..103
P50413	reviewed	Thioredoxin	9940	Ovis aries	105	PF00085	7..102
P51225	reviewed	Thioredoxin	2787	Porphyra purpurea	107	PF00085	3..103
P52227	reviewed	Thioredoxin	227941	Chlamydia caviae (strain ATCC VR-813 / DSM 19441 / 03DC25 / GPIC)	102	PF00085	2..99
P52228	reviewed	Thioredoxin C-3	1722	Corynebacterium nephridii	145	PF00085	38..136
P52230	reviewed	Thioredoxin 1	100226	Streptomyces coelicolor (strain ATCC BAA-471 / A3(2) / M145)	110	PF00085	6..105
P52231	reviewed	Thioredoxin	1111708	Synechocystis sp. (strain ATCC 27184 / PCC 6803 / Kazusa)	107	PF00085	6..104
P52232	reviewed	Thioredoxin-like protein slr0233	1111708	Synechocystis sp. (strain ATCC 27184 / PCC 6803 / Kazusa)	105	PF00085	5..102
P52233	reviewed	Thioredoxin	1232575	Acidithiobacillus ferridurans	108	PF00085	6..105
P52588	reviewed	Protein disulfide-isomerase	4577	Zea mays	513	PF00085	36..142,380..482
P52589	reviewed	Protein disulfide-isomerase	4565	Triticum aestivum	515	PF00085	41..147,384..486
P54399	reviewed	Protein disulfide-isomerase	7227	Drosophila melanogaster	496	PF00085	29..130,369..470
P55059	reviewed	Protein disulfide-isomerase	34413	Humicola insolens	505	PF00085	23..122,357..461
P57653	reviewed	Thioredoxin	107806	Buchnera aphidicola subsp. Acyrthosiphon pisum (strain APS)	108	PF00085	4..104
P59527	reviewed	Thioredoxin	224915	Buchnera aphidicola subsp. Baizongia pistaciae (strain Bp)	109	PF00085	6..105
P60226	reviewed	Thioredoxin-1	7245	Drosophila yakuba	107	PF00085	6..102
P64808	reviewed	Uncharacterized protein Mb1359	233413	Mycobacterium bovis (strain ATCC BAA-935 / AF2122/97)	304	PF00085	45..147
P66928	reviewed	Thioredoxin	85962	Helicobacter pylori (strain ATCC 700392 / 26695)	106	PF00085	5..102
P66929	reviewed	Thioredoxin	85963	Helicobacter pylori (strain J99 / ATCC 700824)	106	PF00085	5..102
P68176	reviewed	Thioredoxin H-type	3712	Brassica oleracea	123	PF00085	15..114
P68177	reviewed	Thioredoxin H-type 1	3708	Brassica napus	123	PF00085	15..114
P68569	reviewed	SPbeta prophage-derived disulfide bond formation protein A	224308	Bacillus subtilis (strain 168)	137	PF00085	35..132
P68570	reviewed	Disulfide bond formation protein A	2932878	Bacillus phage SPbeta	137	PF00085	35..132
P73263	reviewed	Thioredoxin-like protein slr1139	1111708	Synechocystis sp. (strain ATCC 27184 / PCC 6803 / Kazusa)	109	PF00085	4..103
P73920	reviewed	Thiol:disulfide interchange protein TxlA homolog	1111708	Synechocystis sp. (strain ATCC 27184 / PCC 6803 / Kazusa)	180	PF00085	52..139
P75512	reviewed	Thioredoxin	272634	Mycoplasma pneumoniae (strain ATCC 29342 / M129 / Subtype 1)	102	PF00085	15..101
P77395	reviewed	Chaperedoxin	83333	Escherichia coli (strain K12)	284	PF00085	6..107
P80028	reviewed	Thioredoxin H-type	3055	Chlamydomonas reinhardtii	113	PF00085	7..108
P80284	reviewed	Protein disulfide-isomerase	4513	Hordeum vulgare	513	PF00085	40..146,383..485
P80579	reviewed	Thioredoxin	1388	Alicyclobacillus acidocaldarius subsp. acidocaldarius	105	PF00085	2..101
P81108	reviewed	Thioredoxin	1509	Clostridium sporogenes	40	PF00085	2..39
P81109	reviewed	Thioredoxin	499177	Acetoanaerobium sticklandii (strain ATCC 12662 / DSM 519 / JCM 1433 / CCUG 9281 / NCIMB 10654 / HF)	105	PF00085	3..100
P81110	reviewed	Thioredoxin	79681	Tissierella creatinophila	44	PF00085	2..42
P82460	reviewed	Thioredoxin	9823	Sus scrofa	105	PF00085	7..102
P85801	reviewed	Thioredoxin H-type	640484	Populus jackii	139	PF00085	29..128
P87178	reviewed	Uncharacterized protein C3D6.13c	284812	Schizosaccharomyces pombe (strain 972 / ATCC 24843)	726	PF00085	30..129,292..381
P90666	reviewed	Thioredoxin domain-containing protein 3 homolog	1043166	Heliocidaris crassispina	837	PF00085	14..107
P92979	reviewed	5'-adenylylsulfate reductase 1, chloroplastic	3702	Arabidopsis thaliana	465	PF00085	369..461
P92980	reviewed	5'-adenylylsulfate reductase 3, chloroplastic	3702	Arabidopsis thaliana	458	PF00085	362..454
P92981	reviewed	5'-adenylylsulfate reductase 2, chloroplastic	3702	Arabidopsis thaliana	454	PF00085	358..450
P96132	reviewed	Thioredoxin	1058	Thiocapsa roseopersicina	91	PF00085	5..87
P96611	reviewed	Thioredoxin-like protein YdbP	224308	Bacillus subtilis (strain 168)	106	PF00085	4..92
P96695	reviewed	Thioredoxin-like protein YdfQ	224308	Bacillus subtilis (strain 168)	112	PF00085	15..87
P97493	reviewed	Thioredoxin, mitochondrial	10090	Mus musculus	166	PF00085	68..163
P97615	reviewed	Thioredoxin, mitochondrial	10116	Rattus norvegicus	166	PF00085	68..163
P99122	reviewed	Thioredoxin	158879	Staphylococcus aureus (strain N315)	104	PF00085	3..101
P9WG60	reviewed	Uncharacterized protein MT1366	83331	Mycobacterium tuberculosis (strain CDC 1551 / Oshkosh)	304	PF00085	45..147
P9WG61	reviewed	Uncharacterized protein Rv1324	83332	Mycobacterium tuberculosis (strain ATCC 25618 / H37Rv)	304	PF00085	45..147
P9WG66	reviewed	Thioredoxin	83331	Mycobacterium tuberculosis (strain CDC 1551 / Oshkosh)	116	PF00085	9..108
P9WG67	reviewed	Thioredoxin	83332	Mycobacterium tuberculosis (strain ATCC 25618 / H37Rv)	116	PF00085	9..108
Q00002	reviewed	Protein disulfide-isomerase	5599	Alternaria alternata	436	PF00085	238..302
Q00216	reviewed	Protein disulfide-isomerase tigA	5061	Aspergillus niger	359	PF00085	21..125,142..246
Q00248	reviewed	Protein disulfide-isomerase	510516	Aspergillus oryzae (strain ATCC 42149 / RIB 40)	515	PF00085	31..130,366..467
Q03835	reviewed	Monothiol glutaredoxin-3	559292	Saccharomyces cerevisiae (strain ATCC 204508 / S288c)	250	PF00085	16..100
Q05739	reviewed	Thioredoxin	1901	Streptomyces clavuligerus	107	PF00085	6..100
Q07090	reviewed	Thioredoxin H-type 2	4097	Nicotiana tabacum	118	PF00085	10..109
Q09433	reviewed	Thioredoxin-1	6239	Caenorhabditis elegans	115	PF00085	14..108
Q0D840	reviewed	Thioredoxin H1	39947	Oryza sativa subsp. japonica	122	PF00085	9..109
Q0DKF1	reviewed	Thioredoxin H4-2	39947	Oryza sativa subsp. japonica	132	PF00085	26..126
Q0E0I1	reviewed	Protein disulfide isomerase-like 5-3	39947	Oryza sativa subsp. japonica	425	PF00085	48..149
Q0IHI1	reviewed	Thioredoxin domain-containing protein 15	8355	Xenopus laevis	342	PF00085	189..273
Q0IWL9	reviewed	Monothiol glutaredoxin-S11	39947	Oryza sativa subsp. japonica	491	PF00085	22..102
Q0J9V5	reviewed	Thioredoxin-like protein CXXS1	39947	Oryza sativa subsp. japonica	133	PF00085	16..116
Q0JD42	reviewed	Protein disulfide isomerase-like 5-2	39947	Oryza sativa subsp. japonica	423	PF00085	44..145
Q0Z7W6	reviewed	Thioredoxin-related transmembrane protein 1	9913	Bos taurus	278	PF00085	31..128
Q10057	reviewed	Putative protein disulfide-isomerase C1F5.02	284812	Schizosaccharomyces pombe (strain 972 / ATCC 24843)	492	PF00085	26..124,358..459
Q10M18	reviewed	Thioredoxin-like 1-2, chloroplastic	39947	Oryza sativa subsp. japonica	279	PF00085	111..178
Q10N04	reviewed	Protein disulfide isomerase-like 5-1	39947	Oryza sativa subsp. japonica	147	PF00085	31..133
Q11067	reviewed	Protein disulfide-isomerase A6 homolog	6239	Caenorhabditis elegans	440	PF00085	26..126,166..268
Q11183	reviewed	Thioredoxin domain-containing protein 9	6239	Caenorhabditis elegans	208	PF00085	73..156
Q12404	reviewed	Protein disulfide-isomerase MPD1	559292	Saccharomyces cerevisiae (strain ATCC 204508 / S288c)	318	PF00085	32..114
Q12730	reviewed	Protein disulfide-isomerase	5061	Aspergillus niger	515	PF00085	27..126,362..467
Q13087	reviewed	Protein disulfide-isomerase A2	9606	Homo sapiens	525	PF00085	58..148,390..492
Q14554	reviewed	Protein disulfide-isomerase A5	9606	Homo sapiens	519	PF00085	157..257,278..378,399..502
Q15084	reviewed	Protein disulfide-isomerase A6	9606	Homo sapiens	440	PF00085	27..126,162..263
Q17424	reviewed	Probable thioredoxin-2	6239	Caenorhabditis elegans	145	PF00085	45..140
Q17688	reviewed	Endoplasmic reticulum resident protein 44.2	6239	Caenorhabditis elegans	413	PF00085	29..132
Q17770	reviewed	Protein disulfide-isomerase 2	6239	Caenorhabditis elegans	493	PF00085	25..127,365..466
Q17967	reviewed	Protein disulfide-isomerase 1	6239	Caenorhabditis elegans	485	PF00085	25..127,365..466
Q18484	reviewed	Thioredoxin-related transmembrane protein 2 homolog	6239	Caenorhabditis elegans	265	PF00085	134..218
Q197B9	reviewed	Putative thioredoxin-like protein 041R	345201	Invertebrate iridescent virus 3	129	PF00085	33..128
Q1RKN1	reviewed	Thioredoxin	336407	Rickettsia bellii (strain RML369-C)	105	PF00085	4..102
Q1RQI9	reviewed	Thioredoxin	76777	Malassezia sympodialis	105	PF00085	8..101
Q1RQJ0	reviewed	Thioredoxin Asp f 29	746128	Aspergillus fumigatus	110	PF00085	8..106
Q1RQJ1	reviewed	Thioredoxin Asp f 28	746128	Aspergillus fumigatus	108	PF00085	20..104
Q1ZXE0	reviewed	Putative thioredoxin-4	44689	Dictyostelium discoideum	104	PF00085	15..101
Q28ID3	reviewed	Glutaredoxin-3	8364	Xenopus tropicalis	326	PF00085	11..101
Q29RV1	reviewed	Protein disulfide-isomerase A4	9913	Bos taurus	643	PF00085	63..164,178..278,525..630
Q2FHT6	reviewed	Thioredoxin	367830	Staphylococcus aureus (strain USA300)	104	PF00085	3..101
Q2FZD2	reviewed	Thioredoxin	93061	Staphylococcus aureus (strain NCTC 8325 / PS 47)	104	PF00085	3..101
Q2HWU2	reviewed	Protein disulfide-isomerase	9543	Macaca fuscata fuscata	510	PF00085	28..133,371..473
Q2KIL5	reviewed	Protein disulfide-isomerase A5	9913	Bos taurus	521	PF00085	157..259,280..381,401..503
Q2QP53	reviewed	5'-adenylylsulfate reductase-like 6	39947	Oryza sativa subsp. japonica	300	PF00085	66..157
Q2TBU2	reviewed	Thioredoxin-related transmembrane protein 2	9913	Bos taurus	296	PF00085	141..230
Q2YXD0	reviewed	Thioredoxin	273036	Staphylococcus aureus (strain bovine RF122 / ET3-1)	104	PF00085	3..101
Q38879	reviewed	Thioredoxin H2	3702	Arabidopsis thaliana	133	PF00085	40..129
Q39239	reviewed	Thioredoxin H4	3702	Arabidopsis thaliana	119	PF00085	14..110
Q39241	reviewed	Thioredoxin H5	3702	Arabidopsis thaliana	118	PF00085	9..108
Q39362	reviewed	Thioredoxin H-type 2	3708	Brassica napus	119	PF00085	25..111
Q39591	reviewed	Dynein 14 kDa light chain, flagellar outer arm	3055	Chlamydomonas reinhardtii	129	PF00085	8..101
Q39592	reviewed	Dynein 16 kDa light chain, flagellar outer arm	3055	Chlamydomonas reinhardtii	156	PF00085	14..109
Q3T0L2	reviewed	Endoplasmic reticulum resident protein 44	9913	Bos taurus	406	PF00085	32..137
Q3TMX7	reviewed	Sulfhydryl oxidase 2	10090	Mus musculus	692	PF00085	71..143
Q41864	reviewed	Thioredoxin M-type, chloroplastic	4577	Zea mays	167	PF00085	61..161
Q42403	reviewed	Thioredoxin H3	3702	Arabidopsis thaliana	118	PF00085	9..109
Q43116	reviewed	Protein disulfide-isomerase	3988	Ricinus communis	498	PF00085	34..140,378..481
Q43636	reviewed	Thioredoxin H-type	3988	Ricinus communis	118	PF00085	11..110
Q44856	reviewed	Disulfide bond formation protein	54911	Brevibacillus choshinensis	118	PF00085	27..115
Q498R3	reviewed	DnaJ homolog subfamily C member 10	10116	Rattus norvegicus	793	PF00085	131..229,466..551,558..643,674..758
Q49WR2	reviewed	Thioredoxin	342451	Staphylococcus saprophyticus subsp. saprophyticus (strain ATCC 15305 / DSM 20229 / NCIMB 8711 / NCTC 7292 / S-41)	104	PF00085	3..102
Q4L5F0	reviewed	Thioredoxin	279808	Staphylococcus haemolyticus (strain JCSC1435)	104	PF00085	3..101
Q4N4N8	reviewed	Thioredoxin domain-containing protein	5875	Theileria parva	220	PF00085	33..134
Q4R5B4	reviewed	Thioredoxin-related transmembrane protein 2	9541	Macaca fascicularis	296	PF00085	140..230
Q4UNK3	reviewed	Thioredoxin	315456	Rickettsia felis (strain ATCC VR-1525 / URRWXCal2)	105	PF00085	4..103
Q4VIT4	reviewed	Protein disulfide-isomerase A3	9534	Chlorocebus aethiops	505	PF00085	27..130,378..481
Q4VWQ3	reviewed	Thioredoxin 3	36329	Plasmodium falciparum (isolate 3D7)	180	PF00085	86..170
Q50KB1	reviewed	Protein disulfide-isomerase-like protein EhSep2	2903	Emiliania huxleyi	223	PF00085	20..123
Q53LQ0	reviewed	Protein disulfide isomerase-like 1-1	39947	Oryza sativa subsp. japonica	512	PF00085	42..148,386..488
Q54EN4	reviewed	Protein disulfide-isomerase 2	44689	Dictyostelium discoideum	513	PF00085	43..143,379..479
Q54KN7	reviewed	Putative thioredoxin-5	44689	Dictyostelium discoideum	105	PF00085	7..102
Q54NX2	reviewed	Thioredoxin domain-containing protein, mitochondrial	44689	Dictyostelium discoideum	126	PF00085	17..116
Q58DA7	reviewed	Glutaredoxin-3	9913	Bos taurus	334	PF00085	18..111
Q58E26	reviewed	Thioredoxin-related transmembrane protein 2	8355	Xenopus laevis	287	PF00085	140..229
Q5BJT4	reviewed	Thioredoxin domain-containing protein 15	10116	Rattus norvegicus	343	PF00085	191..272
Q5DJV7	reviewed	5'-adenylylsulfate reductase-like 4	39947	Oryza sativa subsp. japonica	264	PF00085	81..167
Q5FVM7	reviewed	DnaJ homolog subfamily C member 16	10116	Rattus norvegicus	771	PF00085	155..240
Q5HGT9	reviewed	Thioredoxin	93062	Staphylococcus aureus (strain COL)	104	PF00085	3..101
Q5HQ29	reviewed	Thioredoxin	176279	Staphylococcus epidermidis (strain ATCC 35984 / DSM 28319 / BCRC 17069 / CCUG 31568 / BM 3577 / RP62A)	104	PF00085	3..101
Q5HVG7	reviewed	Thiol:disulfide interchange protein DsbD	195099	Campylobacter jejuni (strain RM1221)	567	PF00085	466..566
Q5I0H9	reviewed	Protein disulfide-isomerase A5	10116	Rattus norvegicus	517	PF00085	153..255,276..378,397..500
Q5JMR9	reviewed	Thioredoxin Y, chloroplastic	39947	Oryza sativa subsp. japonica	168	PF00085	63..161
Q5R5B6	reviewed	Protein disulfide-isomerase	9601	Pongo abelii	508	PF00085	26..131,369..471
Q5R5L3	reviewed	DnaJ homolog subfamily C member 10	9601	Pongo abelii	793	PF00085	131..229,466..551,558..643,675..761
Q5R6T1	reviewed	Protein disulfide-isomerase A6	9601	Pongo abelii	440	PF00085	27..126,162..263
Q5R875	reviewed	Protein disulfide-isomerase TMX3	9601	Pongo abelii	454	PF00085	32..126
Q5R9M3	reviewed	Thioredoxin	9601	Pongo abelii	106	PF00085	6..103
Q5RCH2	reviewed	Protein disulfide-isomerase A2	9601	Pongo abelii	525	PF00085	58..148,390..492
Q5RCM7	reviewed	DnaJ homolog subfamily C member 16	9601	Pongo abelii	782	PF00085	158..243
Q5RDG4	reviewed	Protein disulfide-isomerase A3	9601	Pongo abelii	505	PF00085	27..130,378..481
Q5RF53	reviewed	Thioredoxin-related transmembrane protein 2	9601	Pongo abelii	296	PF00085	140..230
Q5TKD8	reviewed	Thioredoxin-like 2, chloroplastic	39947	Oryza sativa subsp. japonica	216	PF00085	85..168
Q5UQN5	reviewed	Thioredoxin domain-containing protein R443	212035	Acanthamoeba polyphaga mimivirus	164	PF00085	70..159
Q5UR25	reviewed	Thioredoxin domain-containing protein R362	212035	Acanthamoeba polyphaga mimivirus	346	PF00085	248..342
Q5UR29	reviewed	Thioredoxin-like protein R548	212035	Acanthamoeba polyphaga mimivirus	137	PF00085	35..130
Q5WA72	reviewed	Protein disulfide isomerase-like 1-5	39947	Oryza sativa subsp. japonica	533	PF00085	70..171,410..512
Q5WNE3	reviewed	Peptide-N(4)-(N-acetyl-beta-glucosaminyl)asparagine amidase	6238	Caenorhabditis briggsae	602	PF00085	16..104
Q5XHX6	reviewed	Thioredoxin domain-containing protein 2	10116	Rattus norvegicus	550	PF00085	451..547
Q5XI02	reviewed	Protein disulfide-isomerase-like protein of the testis	10116	Rattus norvegicus	590	PF00085	386..487
Q5XIK2	reviewed	Thioredoxin-related transmembrane protein 2	10116	Rattus norvegicus	295	PF00085	140..230
Q5XJ54	reviewed	Glutaredoxin 3	7955	Danio rerio	326	PF00085	10..103
Q5ZKZ4	reviewed	DnaJ homolog subfamily C member 16	9031	Gallus gallus	777	PF00085	154..238
Q63081	reviewed	Protein disulfide-isomerase A6	10116	Rattus norvegicus	440	PF00085	27..126,162..263
Q655X0	reviewed	Thioredoxin O, mitochondrial	39947	Oryza sativa subsp. japonica	174	PF00085	69..168
Q66GQ3	reviewed	Protein disulfide isomerase-like 1-6	3702	Arabidopsis thaliana	534	PF00085	78..178,418..502
Q67IX6	reviewed	Protein disulfide isomerase-like 1-4	39947	Oryza sativa subsp. japonica	563	PF00085	76..176,416..520
Q67UF5	reviewed	Protein disulfide isomerase-like 2-3	39947	Oryza sativa subsp. japonica	441	PF00085	31..129,168..266
Q67VZ8	reviewed	5'-adenylylsulfate reductase-like 2	39947	Oryza sativa subsp. japonica	282	PF00085	71..154
Q68Y00	reviewed	Thioredoxin	257363	Rickettsia typhi (strain ATCC VR-144 / Wilmington)	105	PF00085	3..103
Q69AB1	reviewed	Thioredoxin domain-containing protein 8	10116	Rattus norvegicus	127	PF00085	8..87
Q69AB2	reviewed	Thioredoxin domain-containing protein 8	10090	Mus musculus	127	PF00085	19..87
Q69SA9	reviewed	Protein disulfide isomerase-like 5-4	39947	Oryza sativa subsp. japonica	485	PF00085	145..243
Q69ST6	reviewed	Protein disulfide isomerase-like 1-3	39947	Oryza sativa subsp. japonica	545	PF00085	80..185,425..525
Q6A555	reviewed	Thioredoxin domain-containing protein 8	9606	Homo sapiens	127	PF00085	7..87
Q6AUC6	reviewed	Sulfhydryl oxidase 1	39947	Oryza sativa subsp. japonica	513	PF00085	48..138
Q6AX23	reviewed	Sulfhydryl oxidase 2	8355	Xenopus laevis	661	PF00085	39..125
Q6DFS0	reviewed	Thioredoxin-related transmembrane protein 2	8364	Xenopus tropicalis	287	PF00085	140..229
Q6ES52	reviewed	TPR repeat-containing thioredoxin TDX	39947	Oryza sativa subsp. japonica	317	PF00085	218..311
Q6GA69	reviewed	Thioredoxin	282459	Staphylococcus aureus (strain MSSA476)	104	PF00085	3..101
Q6GHU0	reviewed	Thioredoxin	282458	Staphylococcus aureus (strain MRSA252)	104	PF00085	3..101
Q6GNG3	reviewed	Protein disulfide-isomerase TMX3	8355	Xenopus laevis	452	PF00085	32..127
Q6H7E4	reviewed	Thioredoxin M1, chloroplastic	39947	Oryza sativa subsp. japonica	173	PF00085	69..169
Q6IQC7	reviewed	Thioredoxin-related transmembrane protein 2-B	7955	Danio rerio	307	PF00085	141..230
Q6IRC5	reviewed	Thioredoxin domain-containing protein 6	8355	Xenopus laevis	625	PF00085	14..102
Q6IUU3	reviewed	Sulfhydryl oxidase 1	10116	Rattus norvegicus	750	PF00085	56..129
Q6JE37	reviewed	Thioredoxin-like protein CITRX2, chloroplastic	4100	Nicotiana benthamiana	181	PF00085	77..159
Q6JE38	reviewed	Thioredoxin-like protein CITRX1, chloroplastic	4100	Nicotiana benthamiana	181	PF00085	77..159
Q6NPF9	reviewed	Thioredoxin Y1, chloroplastic	3702	Arabidopsis thaliana	172	PF00085	67..165
Q6NPL9	reviewed	Thioredoxin domain-containing protein PLP3A	3702	Arabidopsis thaliana	230	PF00085	89..175
Q6NRT6	reviewed	DnaJ homolog subfamily C member 10	8355	Xenopus laevis	796	PF00085	132..229,469..552,559..644,675..764
Q6P6J9	reviewed	Thioredoxin domain-containing protein 15	10090	Mus musculus	344	PF00085	192..273
Q6P902	reviewed	Thioredoxin domain-containing protein 2	10090	Mus musculus	515	PF00085	416..511
Q6PKC3	reviewed	Thioredoxin domain-containing protein 11	9606	Homo sapiens	985	PF00085	116..210,693..772
Q6XHI1	reviewed	Thioredoxin-2	7245	Drosophila yakuba	106	PF00085	9..103
Q6YTI3	reviewed	Thioredoxin-like 4, chloroplastic	39947	Oryza sativa subsp. japonica	214	PF00085	105..195
Q6Z4A7	reviewed	Probable 5'-adenylylsulfate reductase 1, chloroplastic	39947	Oryza sativa subsp. japonica	475	PF00085	378..472
Q6Z4I3	reviewed	Thioredoxin H2-1	39947	Oryza sativa subsp. japonica	138	PF00085	27..125
Q6Z4N3	reviewed	Thioredoxin-like 1-1, chloroplastic	39947	Oryza sativa subsp. japonica	279	PF00085	107..186
Q6Z7L3	reviewed	Thioredoxin-like 3-1, chloroplastic	39947	Oryza sativa subsp. japonica	193	PF00085	98..177
Q6ZRP7	reviewed	Sulfhydryl oxidase 2	9606	Homo sapiens	698	PF00085	76..149
Q70G58	reviewed	Thioredoxin reductase NTRC	39947	Oryza sativa subsp. japonica	515	PF00085	427..512
Q715S9	reviewed	Thioredoxin domain-containing protein 3	10116	Rattus norvegicus	587	PF00085	15..103
Q715T0	reviewed	Thioredoxin domain-containing protein 3	10090	Mus musculus	586	PF00085	15..103
Q71A37	reviewed	Phosducin-like protein 3	44689	Dictyostelium discoideum	184	PF00085	49..137
Q75GM1	reviewed	Thioredoxin H5	39947	Oryza sativa subsp. japonica	135	PF00085	25..122
Q75M08	reviewed	Protein disulfide isomerase-like 2-1	39947	Oryza sativa subsp. japonica	366	PF00085	32..134,150..254
Q7JW12	reviewed	Thioredoxin-related transmembrane protein 2 homolog	7227	Drosophila melanogaster	271	PF00085	134..236
Q7KQL8	reviewed	Thioredoxin 1	36329	Plasmodium falciparum (isolate 3D7)	104	PF00085	4..100
Q7M1B9	reviewed	Thioredoxin	324602	Chloroflexus aurantiacus (strain ATCC 29366 / DSM 635 / J-10-fl)	110	PF00085	5..98
Q7TN22	reviewed	Thioredoxin domain-containing protein 16	10090	Mus musculus	820	PF00085	395..494
Q7W0K2	reviewed	Thiol:disulfide interchange protein DsbA	257313	Bordetella pertussis (strain Tohama I / ATCC BAA-589 / NCTC 13251)	209	PF00085	48..86
Q7W2Q0	reviewed	Thiol:disulfide interchange protein DsbA	257311	Bordetella parapertussis (strain 12822 / ATCC BAA-587 / NCTC 13253)	209	PF00085	48..86
Q7WDP8	reviewed	Thiol:disulfide interchange protein DsbA	257310	Bordetella bronchiseptica (strain ATCC BAA-588 / NCTC 13252 / RB50)	209	PF00085	48..86
Q7X8R5	reviewed	Thioredoxin M2, chloroplastic	39947	Oryza sativa subsp. japonica	180	PF00085	75..175
Q7XKD0	reviewed	Thioredoxin X, chloroplastic	39947	Oryza sativa subsp. japonica	180	PF00085	73..170
Q7XQQ2	reviewed	Thioredoxin M3, chloroplastic	39947	Oryza sativa subsp. japonica	175	PF00085	69..167
Q7XRB5	reviewed	Protein disulfide isomerase-like 1-2	39947	Oryza sativa subsp. japonica	517	PF00085	34..139,379..481
Q7XSQ7	reviewed	Thioredoxin-like 3-3	39947	Oryza sativa subsp. japonica	129	PF00085	41..121
Q7Y0D4	reviewed	Thioredoxin-like protein HCF164, chloroplastic	39947	Oryza sativa subsp. japonica	262	PF00085	128..223
Q80TN4	reviewed	DnaJ homolog subfamily C member 16	10090	Mus musculus	772	PF00085	156..240
Q84JR9	reviewed	TPR repeat-containing thioredoxin TTL4	3702	Arabidopsis thaliana	682	PF00085	613..670
Q84M47	reviewed	5'-adenylylsulfate reductase-like 5	39947	Oryza sativa subsp. japonica	301	PF00085	82..160
Q84NN4	reviewed	Thioredoxin-like protein CDSP32, chloroplastic	39947	Oryza sativa subsp. japonica	301	PF00085	76..171,208..285
Q84P95	reviewed	5'-adenylylsulfate reductase-like 3	39947	Oryza sativa subsp. japonica	311	PF00085	76..158
Q851R5	reviewed	Thioredoxin H2-2	39947	Oryza sativa subsp. japonica	134	PF00085	33..125
Q869Z0	reviewed	Putative protein disulfide-isomerase DDB_G0275025	44689	Dictyostelium discoideum	409	PF00085	29..133
Q86H62	reviewed	Glutaredoxin-3 homolog	44689	Dictyostelium discoideum	240	PF00085	6..100
Q86IA3	reviewed	Protein disulfide-isomerase 1	44689	Dictyostelium discoideum	363	PF00085	24..128,144..249
Q86VQ3	reviewed	Thioredoxin domain-containing protein 2	9606	Homo sapiens	553	PF00085	452..550
Q86XW9	reviewed	Thioredoxin domain-containing protein 6	9606	Homo sapiens	330	PF00085	14..103
Q8BND5	reviewed	Sulfhydryl oxidase 1	10090	Mus musculus	748	PF00085	56..129
Q8BXZ1	reviewed	Protein disulfide-isomerase TMX3	10090	Mus musculus	456	PF00085	37..129
Q8C0L0	reviewed	Thioredoxin-related transmembrane protein 4	10090	Mus musculus	335	PF00085	48..131
Q8CDN6	reviewed	Thioredoxin-like protein 1	10090	Mus musculus	289	PF00085	12..104
Q8CPL5	reviewed	Thioredoxin	176280	Staphylococcus epidermidis (strain ATCC 12228 / FDA PCI 1200)	104	PF00085	3..101
Q8GXV2	reviewed	Thioredoxin-like protein CXXS2	3702	Arabidopsis thaliana	154	PF00085	48..141
Q8GYD1	reviewed	Protein disulfide-isomerase 5-1	3702	Arabidopsis thaliana	146	PF00085	27..128
Q8H2V6	reviewed	Thioredoxin-like protein CITRX, chloroplastic	39947	Oryza sativa subsp. japonica	189	PF00085	83..182
Q8IDP4	reviewed	Thioredoxin 2	36329	Plasmodium falciparum (isolate 3D7)	157	PF00085	64..154
Q8IFW4	reviewed	Thioredoxin-T	7227	Drosophila melanogaster	157	PF00085	13..103
Q8IXB1	reviewed	DnaJ homolog subfamily C member 10	9606	Homo sapiens	793	PF00085	131..229,466..551,558..641,674..761
Q8JG64	reviewed	Protein disulfide-isomerase A3	9031	Gallus gallus	505	PF00085	27..128,376..479
Q8JGM4	reviewed	Sulfhydryl oxidase 1	9031	Gallus gallus	743	PF00085	68..137
Q8K2W3	reviewed	Thioredoxin domain-containing protein 11	10090	Mus musculus	948	PF00085	112..206,664..741
Q8K581	reviewed	Thioredoxin domain-containing protein 9	10116	Rattus norvegicus	226	PF00085	79..162
Q8KE49	reviewed	Thioredoxin 2	194439	Chlorobaculum tepidum (strain ATCC 49652 / DSM 12025 / NBRC 103806 / TLS)	109	PF00085	7..105
Q8KEA4	reviewed	Thioredoxin 1	194439	Chlorobaculum tepidum (strain ATCC 49652 / DSM 12025 / NBRC 103806 / TLS)	101	PF00085	4..96
Q8L7S9	reviewed	Thioredoxin Y2, chloroplastic	3702	Arabidopsis thaliana	167	PF00085	63..160
Q8LCH9	reviewed	Thioredoxin-like 3-3	3702	Arabidopsis thaliana	126	PF00085	37..117
Q8LCT3	reviewed	Thioredoxin-like 2-2, chloroplastic	3702	Arabidopsis thaliana	236	PF00085	109..190
Q8LCV1	reviewed	Thioredoxin domain-containing protein PLP3B	3702	Arabidopsis thaliana	230	PF00085	89..174
Q8LD49	reviewed	Thioredoxin X, chloroplastic	3702	Arabidopsis thaliana	182	PF00085	73..173
Q8LDI5	reviewed	Thioredoxin-like protein CXXS1	3702	Arabidopsis thaliana	118	PF00085	9..105
Q8LEK4	reviewed	Thioredoxin-like 2-1, chloroplastic	3702	Arabidopsis thaliana	221	PF00085	99..186
Q8N427	reviewed	Thioredoxin domain-containing protein 3	9606	Homo sapiens	588	PF00085	14..103
Q8N807	reviewed	Protein disulfide-isomerase-like protein of the testis	9606	Homo sapiens	584	PF00085	48..148,389..490
Q8NBS9	reviewed	Thioredoxin domain-containing protein 5	9606	Homo sapiens	432	PF00085	67..164,193..291,324..424
Q8R4U2	reviewed	Protein disulfide-isomerase	10029	Cricetulus griseus	509	PF00085	28..133,371..473
Q8S091	reviewed	Thioredoxin F, chloroplastic	39947	Oryza sativa subsp. japonica	187	PF00085	82..182
Q8TFM8	reviewed	Thioredoxin-like protein	5516	Fusarium culmorum	121	PF00085	7..88
Q8VBT0	reviewed	Thioredoxin-related transmembrane protein 1	10090	Mus musculus	278	PF00085	31..128
Q8VWG7	reviewed	TPR repeat-containing thioredoxin TDX	3702	Arabidopsis thaliana	380	PF00085	288..374
Q8VX13	reviewed	Protein disulfide isomerase-like 1-3	3702	Arabidopsis thaliana	579	PF00085	101..201,439..523
Q8VZT6	reviewed	Thioredoxin-like 3-2, chloroplastic	3702	Arabidopsis thaliana	192	PF00085	86..180
Q8W4J3	reviewed	Sulfhydryl oxidase 1	3702	Arabidopsis thaliana	528	PF00085	44..136
Q91W90	reviewed	Thioredoxin domain-containing protein 5	10090	Mus musculus	417	PF00085	53..150,179..277,309..409
Q920J4	reviewed	Thioredoxin-like protein 1	10116	Rattus norvegicus	289	PF00085	12..104
Q921X9	reviewed	Protein disulfide-isomerase A5	10090	Mus musculus	517	PF00085	153..255,276..378,397..500
Q92249	reviewed	Protein disulfide-isomerase erp38	367110	Neurospora crassa (strain ATCC 24698 / 74-OR23-1A / CBS 708.71 / DSM 1257 / FGSC 987)	369	PF00085	23..126,149..247
Q922R8	reviewed	Protein disulfide-isomerase A6	10090	Mus musculus	440	PF00085	27..126,162..263
Q92JR5	reviewed	Thioredoxin	272944	Rickettsia conorii (strain ATCC VR-613 / Malish 7)	105	PF00085	5..103
Q93VQ9	reviewed	Thioredoxin O2, mitochondrial	3702	Arabidopsis thaliana	159	PF00085	53..147
Q93YX4	reviewed	5'-adenylylsulfate reductase-like 5	3702	Arabidopsis thaliana	300	PF00085	75..155
Q942L2	reviewed	Protein disulfide isomerase-like 2-2	39947	Oryza sativa subsp. japonica	371	PF00085	37..139,155..259
Q94F09	reviewed	Protein disulfide-isomerase 5-2	3702	Arabidopsis thaliana	440	PF00085	34..136
Q95108	reviewed	Thioredoxin, mitochondrial	9913	Bos taurus	166	PF00085	69..163
Q95LM0	reviewed	Protein disulfide-isomerase-like protein of the testis	9541	Macaca fascicularis	583	PF00085	48..148,389..490
Q95YJ5	reviewed	Thioredoxin domain-containing protein 3 homolog	7719	Ciona intestinalis	653	PF00085	15..101
Q96419	reviewed	Thioredoxin H-type	3617	Fagopyrum esculentum	116	PF00085	10..108
Q96J42	reviewed	Thioredoxin domain-containing protein 15	9606	Homo sapiens	360	PF00085	208..289
Q96JJ7	reviewed	Protein disulfide-isomerase TMX3	9606	Homo sapiens	454	PF00085	32..126
Q98PL5	reviewed	Thioredoxin	272635	Mycoplasmopsis pulmonis (strain UAB CTIP)	109	PF00085	14..105
Q98TX1	reviewed	Thioredoxin	8665	Ophiophagus hannah	105	PF00085	9..103
Q99316	reviewed	Protein disulfide isomerase MPD2	559292	Saccharomyces cerevisiae (strain ATCC 204508 / S288c)	277	PF00085	34..112
Q99757	reviewed	Thioredoxin, mitochondrial	9606	Homo sapiens	166	PF00085	69..163
Q9AS75	reviewed	Thioredoxin H4-1	39947	Oryza sativa subsp. japonica	131	PF00085	26..124
Q9BDJ3	reviewed	Thioredoxin	9483	Callithrix jacchus	105	PF00085	7..102
Q9BS26	reviewed	Endoplasmic reticulum resident protein 44	9606	Homo sapiens	406	PF00085	32..137
Q9C5C5	reviewed	Thioredoxin-like 4, chloroplastic	3702	Arabidopsis thaliana	204	PF00085	105..196
Q9C9Y6	reviewed	Thioredoxin H9	3702	Arabidopsis thaliana	140	PF00085	27..126
Q9CAS1	reviewed	Thioredoxin H8	3702	Arabidopsis thaliana	148	PF00085	53..141
Q9CM49	reviewed	Thioredoxin	272843	Pasteurella multocida (strain Pm70)	106	PF00085	3..103
Q9CP40	reviewed	Thiol:disulfide interchange protein DsbD	272843	Pasteurella multocida (strain Pm70)	576	PF00085	464..563
Q9CQ79	reviewed	Thioredoxin domain-containing protein 9	10090	Mus musculus	226	PF00085	79..162
Q9CQM9	reviewed	Glutaredoxin-3	10090	Mus musculus	337	PF00085	19..114
Q9D1Q6	reviewed	Endoplasmic reticulum resident protein 44	10090	Mus musculus	406	PF00085	32..137
Q9D710	reviewed	Thioredoxin-related transmembrane protein 2	10090	Mus musculus	295	PF00085	140..230
Q9DAN1	reviewed	Protein disulfide-isomerase-like protein of the testis	10090	Mus musculus	588	PF00085	386..487
Q9DC23	reviewed	DnaJ homolog subfamily C member 10	10090	Mus musculus	793	PF00085	131..229,466..551,558..644,674..759
Q9DGI3	reviewed	Thioredoxin	7998	Ictalurus punctatus	107	PF00085	5..104
Q9FF55	reviewed	Protein disulfide isomerase-like 1-4	3702	Arabidopsis thaliana	597	PF00085	105..205,443..530
Q9FG36	reviewed	Thioredoxin-like 3-1, chloroplastic	3702	Arabidopsis thaliana	210	PF00085	117..194
Q9H1E5	reviewed	Thioredoxin-related transmembrane protein 4	9606	Homo sapiens	349	PF00085	52..135
Q9H3N1	reviewed	Thioredoxin-related transmembrane protein 1	9606	Homo sapiens	280	PF00085	31..128
Q9JLZ1	reviewed	Glutaredoxin-3	10116	Rattus norvegicus	337	PF00085	20..114
Q9LJU2	reviewed	Protein disulfide-isomerase 5-3	3702	Arabidopsis thaliana	483	PF00085	146..243
Q9LKW0	reviewed	Thioredoxin-like protein CITRX, chloroplastic	4081	Solanum lycopersicum	175	PF00085	70..157
Q9LXZ8	reviewed	Putative thioredoxin H10	3702	Arabidopsis thaliana	154	PF00085	49..142
Q9M7X9	reviewed	Thioredoxin-like protein CITRX, chloroplastic	3702	Arabidopsis thaliana	183	PF00085	77..168
Q9MAH1	reviewed	TPR repeat-containing thioredoxin TTL1	3702	Arabidopsis thaliana	699	PF00085	604..687
Q9MAU6	reviewed	Protein disulfide-isomerase like 2-2	3702	Arabidopsis thaliana	447	PF00085	34..133,170..269
Q9P2K2	reviewed	Thioredoxin domain-containing protein 16	9606	Homo sapiens	825	PF00085	394..493
Q9P4X1	reviewed	Thioredoxin domain-containing protein C959.05c	284812	Schizosaccharomyces pombe (strain 972 / ATCC 24843)	632	PF00085	189..278
Q9PHR3	reviewed	Thiol:disulfide interchange protein DsbD	192222	Campylobacter jejuni subsp. jejuni serotype O:2 (strain ATCC 700819 / NCTC 11168)	567	PF00085	466..566
Q9PJK3	reviewed	Thioredoxin	243161	Chlamydia muridarum (strain MoPn / Nigg)	102	PF00085	2..99
Q9R6P9	reviewed	Thioredoxin	710127	Mycoplasmoides gallisepticum (strain R(low / passage 15 / clone 2))	100	PF00085	4..99
Q9RD25	reviewed	Putative thioredoxin 2	100226	Streptomyces coelicolor (strain ATCC BAA-471 / A3(2) / M145)	134	PF00085	4..101
Q9SA00	reviewed	5'-adenylylsulfate reductase-like 4	3702	Arabidopsis thaliana	310	PF00085	82..162
Q9SEU6	reviewed	Thioredoxin M4, chloroplastic	3702	Arabidopsis thaliana	193	PF00085	88..188
Q9SEU7	reviewed	Thioredoxin M3, chloroplastic	3702	Arabidopsis thaliana	173	PF00085	69..167
Q9SEU8	reviewed	Thioredoxin M2, chloroplastic	3702	Arabidopsis thaliana	186	PF00085	82..182
Q9SGS4	reviewed	Thioredoxin-like protein CDSP32, chloroplastic	3702	Arabidopsis thaliana	302	PF00085	78..173,208..287
Q9SIN1	reviewed	Inactive TPR repeat-containing thioredoxin TTL3	3702	Arabidopsis thaliana	691	PF00085	594..680
Q9SRG3	reviewed	Protein disulfide isomerase-like 1-2	3702	Arabidopsis thaliana	508	PF00085	31..137,374..476
Q9T042	reviewed	Protein disulfide-isomerase 5-4	3702	Arabidopsis thaliana	480	PF00085	144..238
Q9TW67	reviewed	Peptide-N(4)-(N-acetyl-beta-glucosaminyl)asparagine amidase	6239	Caenorhabditis elegans	606	PF00085	20..104
Q9USR1	reviewed	Thioredoxin-like protein 1	284812	Schizosaccharomyces pombe (strain 972 / ATCC 24843)	290	PF00085	11..102
Q9UW02	reviewed	Thioredoxin	56187	Coprinus comatus	106	PF00085	7..102
Q9V429	reviewed	Thioredoxin-2	7227	Drosophila melanogaster	106	PF00085	8..103
Q9V438	reviewed	Protein disulfide-isomerase A6 homolog	7227	Drosophila melanogaster	433	PF00085	27..126,158..261
Q9VYV3	reviewed	Thioredoxin domain-containing protein 5 homolog	7227	Drosophila melanogaster	416	PF00085	40..142,168..268,310..409
Q9X2T1	reviewed	Thioredoxin	208964	Pseudomonas aeruginosa (strain ATCC 15692 / DSM 22644 / CIP 104116 / JCM 14847 / LMG 12228 / 1C / PRS 101 / PAO1)	108	PF00085	5..105
Q9XF61	reviewed	Protein disulfide-isomerase	34297	Datisca glomerata	507	PF00085	35..141,379..482
Q9XFH8	reviewed	Thioredoxin F1, chloroplastic	3702	Arabidopsis thaliana	178	PF00085	70..170
Q9XFH9	reviewed	Thioredoxin F2, chloroplastic	3702	Arabidopsis thaliana	185	PF00085	80..179
Q9XFI1	reviewed	Thioredoxin-like 1-2, chloroplastic	3702	Arabidopsis thaliana	245	PF00085	98..171
Q9XGS0	reviewed	Thioredoxin M-type, chloroplastic	3708	Brassica napus	177	PF00085	75..174
Q9XI01	reviewed	Protein disulfide isomerase-like 1-1	3702	Arabidopsis thaliana	501	PF00085	32..138,376..479
Q9XIF4	reviewed	Thioredoxin H7	3702	Arabidopsis thaliana	129	PF00085	39..125
Q9Y2G8	reviewed	DnaJ homolog subfamily C member 16	9606	Homo sapiens	782	PF00085	158..243
Q9Y320	reviewed	Thioredoxin-related transmembrane protein 2	9606	Homo sapiens	296	PF00085	140..229
Q9Z7P5	reviewed	Thioredoxin	83558	Chlamydia pneumoniae	102	PF00085	2..99
Q9ZEE0	reviewed	Thioredoxin	272947	Rickettsia prowazekii (strain Madrid E)	105	PF00085	2..103
Q9ZP20	reviewed	Thioredoxin M5, chloroplastic	39947	Oryza sativa subsp. japonica	172	PF00085	67..167
Q9ZP21	reviewed	Thioredoxin M-type, chloroplastic	4565	Triticum aestivum	175	PF00085	70..170
Q9ZPE9	reviewed	5'-adenylylsulfate reductase-like 6	3702	Arabidopsis thaliana	295	PF00085	79..156
Q9ZPH2	reviewed	Monothiol glutaredoxin-S17	3702	Arabidopsis thaliana	488	PF00085	16..102
Q9ZU40	reviewed	Sulfhydryl oxidase 2	3702	Arabidopsis thaliana	495	PF00085	38..124
